iteration,start_time,end_time,duration_sec,gpu_id
iter1,2026-07-22 00:32:46,2026-07-22 00:37:01,255,0
iter2,2026-07-22 00:37:03,2026-07-22 00:40:46,223,0
iter3,2026-07-22 00:40:48,2026-07-22 00:44:30,222,0
iter4,2026-07-22 00:44:32,2026-07-22 00:48:23,231,0
iter5,2026-07-22 00:48:25,2026-07-22 00:52:08,223,0
iter6,2026-07-22 00:52:10,2026-07-22 00:55:39,209,0
iter7,2026-07-22 00:55:41,2026-07-22 00:59:21,220,0
iter8,2026-07-22 00:59:23,2026-07-22 01:03:03,220,0
iter9,2026-07-22 01:03:05,2026-07-22 01:06:51,226,0
iter10,2026-07-22 01:06:53,2026-07-22 01:10:39,226,0
iter11,2026-07-22 01:10:41,2026-07-22 01:14:24,223,0
iter12,2026-07-22 01:14:26,2026-07-22 01:18:08,222,0
iter13,2026-07-22 01:18:10,2026-07-22 01:21:38,208,0
iter14,2026-07-22 01:21:40,2026-07-22 01:25:28,228,0
iter15,2026-07-22 01:25:30,2026-07-22 01:29:08,218,0
iter16,2026-07-22 01:29:10,2026-07-22 01:32:56,226,0
iter17,2026-07-22 01:32:58,2026-07-22 01:36:38,220,0
iter18,2026-07-22 01:36:40,2026-07-22 01:40:27,227,0
iter19,2026-07-22 01:40:29,2026-07-22 01:44:07,218,0
iter20,2026-07-22 01:44:09,2026-07-22 01:47:55,226,0
iter21,2026-07-22 01:47:57,2026-07-22 01:51:45,228,0
iter22,2026-07-22 01:51:47,2026-07-22 01:55:21,214,0
iter23,2026-07-22 01:55:23,2026-07-22 01:59:10,227,0
iter24,2026-07-22 01:59:12,2026-07-22 02:02:53,221,0
iter25,2026-07-22 02:02:55,2026-07-22 02:06:50,235,0
iter26,2026-07-22 02:06:52,2026-07-22 02:10:31,219,0
iter27,2026-07-22 02:10:33,2026-07-22 02:14:20,227,0
iter28,2026-07-22 02:14:22,2026-07-22 02:18:00,218,0
iter29,2026-07-22 02:18:02,2026-07-22 02:21:50,228,0
iter30,2026-07-22 02:21:52,2026-07-22 02:25:36,224,0
