model,iter,Metric,Precision,Recall,F1,Value,Model,Accuracy,AUC,Precision_1,Recall_1,F1_1
tfidf,iter1,0,0.6087344028520499,0.8278787878787879,0.7015921931176169,,,,,,,
tfidf,iter1,1,0.8213836477987422,0.597985347985348,0.6921038685744568,,,,,,,
tfidf,iter1,Accuracy,0.6969222743870631,,,,,,,,,
tfidf,iter1,ROC_AUC,0.7706676656676656,,,,,,,,,
clinicalbert_transformer,iter1,Accuracy,,,,0.7318727177882107,,,,,,
clinicalbert_transformer,iter1,MacroAUC,,,,0.8252591852591854,,,,,,
clinicalbert_transformer,iter1,Precision_1,,,,0.8276643990929705,,,,,,
clinicalbert_transformer,iter1,Recall_1,,,,0.6684981684981685,,,,,,
clinicalbert_transformer,iter1,F1_1,,,,0.7396149949341438,,,,,,
gru,iter1,Accuracy,,,,0.7438284095507891,,,,,,
gru,iter1,AUC,,,,0.8293826752834255,,,,,,
gru,iter1,Precision_1,,,,0.7562604340567612,,,,,,
gru,iter1,Recall_1,,,,0.7265437048917401,,,,,,
gru,iter1,F1_1,,,,0.7411042944785277,,,,,,
lstm,iter1,Accuracy,,,,0.7405908539053015,,,,,,
lstm,iter1,AUC,,,,0.82827675309632,,,,,,
lstm,iter1,Precision_1,,,,0.7842401500938087,,,,,,
lstm,iter1,Recall_1,,,,0.6704089815557338,,,,,,
lstm,iter1,F1_1,,,,0.7228707306528318,,,,,,
transformer,iter1,Accuracy,,,,0.7430190206394173,,,,,,
transformer,iter1,AUC,,,,0.8220493891221284,,,,,,
transformer,iter1,Precision_1,,,,0.7597623089983022,,,,,,
transformer,iter1,Recall_1,,,,0.7177225340817963,,,,,,
transformer,iter1,F1_1,,,,0.7381443298969073,,,,,,
tabular,iter1,,,,,,RandomForest,0.7402,0.8247,0.7557,0.7169,0.7358
tabular,iter1,,,,,,XGBoost,0.7325,0.818,0.7466,0.7113,0.7285
tfidf,iter1,0,0.611062335381914,0.8355342136854742,0.7058823529411765,,,,,,,
tfidf,iter1,1,0.8216145833333334,0.5875232774674115,0.6851248642779587,,,,,,,
tfidf,iter1,Accuracy,0.6958573675930781,,,,,,,,,
tfidf,iter1,ROC_AUC,0.7726163090934699,,,,,,,,,
clinicalbert_transformer,iter1,Accuracy,,,,0.7503932878867331,,,,,,
clinicalbert_transformer,iter1,MacroAUC,,,,0.8366765700693685,,,,,,
clinicalbert_transformer,iter1,Precision_1,,,,0.8390022675736961,,,,,,
clinicalbert_transformer,iter1,Recall_1,,,,0.6890130353817505,,,,,,
clinicalbert_transformer,iter1,F1_1,,,,0.7566462167689162,,,,,,
gru,iter1,Accuracy,,,,0.7474706596519628,,,,,,
gru,iter1,AUC,,,,0.8293112620616276,,,,,,
gru,iter1,Precision_1,,,,0.7619848612279226,,,,,,
gru,iter1,Recall_1,,,,0.7265437048917401,,,,,,
gru,iter1,F1_1,,,,0.7438423645320197,,,,,,
lstm,iter1,Accuracy,,,,0.7486847430190207,,,,,,
lstm,iter1,AUC,,,,0.8319810682893847,,,,,,
lstm,iter1,Precision_1,,,,0.7769911504424779,,,,,,
lstm,iter1,Recall_1,,,,0.7040898155573376,,,,,,
lstm,iter1,F1_1,,,,0.7387463188893564,,,,,,
transformer,iter1,Accuracy,,,,0.745447187373533,,,,,,
transformer,iter1,AUC,,,,0.8301754275620967,,,,,,
transformer,iter1,Precision_1,,,,0.7508116883116883,,,,,,
transformer,iter1,Recall_1,,,,0.7417802726543705,,,,,,
transformer,iter1,F1_1,,,,0.746268656716418,,,,,,
tabular,iter1,,,,,,RandomForest,0.7422,0.8259,0.758,0.7185,0.7378
tabular,iter1,,,,,,XGBoost,0.7329,0.821,0.7464,0.7129,0.7293
lstm,iter2,Accuracy,0.7381626871711857,,,,,,,,,
lstm,iter2,AUC,0.8256495327347726,,,,,,,,,
lstm,iter2,Precision_1,0.8048780487804879,,,,,,,,,
lstm,iter2,Recall_1,0.6351242983159583,,,,,,,,,
lstm,iter2,F1_1,0.709995517705065,,,,,,,,,
tabular,iter2,,,RandomForest,0.7361,0.8187,0.7567,0.7033,0.729,,,
tabular,iter2,,,XGBoost,0.7297,0.8131,0.7439,0.7081,0.7256,,,
gru,iter2,Accuracy,0.7369486038041279,,,,,,,,,
gru,iter2,AUC,0.8264324575058573,,,,,,,,,
gru,iter2,Precision_1,0.7952522255192879,,,,,,,,,
gru,iter2,Recall_1,0.644747393744988,,,,,,,,,
gru,iter2,F1_1,0.7121346324180691,,,,,,,,,
clinicalbert_transformer,iter2,Accuracy,0.7351097178683386,,,,,,,,,
clinicalbert_transformer,iter2,MacroAUC,0.824170225452167,,,,,,,,,
clinicalbert_transformer,iter2,Precision_1,0.8152173913043478,,,,,,,,,
clinicalbert_transformer,iter2,Recall_1,0.6899724011039559,,,,,,,,,
clinicalbert_transformer,iter2,F1_1,0.7473841554559043,,,,,,,,,
tfidf,iter2,0,,,,,,,,0.5998248686514887,0.8282950423216445,0.6957846622651092
tfidf,iter2,1,,,,,,,,0.8160621761658031,0.5795768169273229,0.6777837547068316
tfidf,iter2,Accuracy,,,,,,,,0.687042842215256,,
tfidf,iter2,ROC_AUC,,,,,,,,0.7602789479714644,,
transformer,iter2,Accuracy,0.7268312424119789,,,,,,,,,
transformer,iter2,AUC,0.8210692590321347,,,,,,,,,
transformer,iter2,Precision_1,0.7262658227848101,,,,,,,,,
transformer,iter2,Recall_1,0.7361668003207699,,,,,,,,,
transformer,iter2,F1_1,0.7311827956989247,,,,,,,,,
transformer,iter3,Accuracy,0.7592067988668555,,,,,,,,,
transformer,iter3,AUC,0.834285946402084,,,,,,,,,
transformer,iter3,Precision_1,0.816504854368932,,,,,,,,,
transformer,iter3,Recall_1,0.6744186046511628,,,,,,,,,
transformer,iter3,F1_1,0.7386912604303909,,,,,,,,,
tfidf,iter3,0,,0.6151761517615176,0.8244552058111381,0.7046042421107087,,,,,,
tfidf,iter3,1,,0.8169191919191919,0.6029822926374651,0.693833780160858,,,,,,
tfidf,iter3,Accuracy,,0.6993154291732491,,,,,,,,
tfidf,iter3,ROC_AUC,,0.7738587924151923,,,,,,,,
clinicalbert_transformer,iter3,Accuracy,0.75144813059505,,,,,,,,,
clinicalbert_transformer,iter3,MacroAUC,0.8460687037542678,,,,,,,,,
clinicalbert_transformer,iter3,Precision_1,0.8498253783469151,,,,,,,,,
clinicalbert_transformer,iter3,Recall_1,0.6803355079217148,,,,,,,,,
clinicalbert_transformer,iter3,F1_1,0.7556935817805382,,,,,,,,,
tabular,iter3,,,,,,RandomForest,0.7479,0.8338,0.7727,0.7089,0.7394
tabular,iter3,,,,,,XGBoost,0.7442,0.8315,0.7695,0.7041,0.7353
lstm,iter3,Accuracy,0.7559692432213678,,,,,,,,,
lstm,iter3,AUC,0.8370389588607428,,,,,,,,,
lstm,iter3,Precision_1,0.7839506172839507,,,,,,,,,
lstm,iter3,Recall_1,0.7129109863672815,,,,,,,,,
lstm,iter3,F1_1,0.746745065098698,,,,,,,,,
gru,iter3,Accuracy,0.7519222986645083,,,,,,,,,
gru,iter3,AUC,0.841047271621827,,,,,,,,,
gru,iter3,Precision_1,0.7756521739130435,,,,,,,,,
gru,iter3,Recall_1,0.7153167602245389,,,,,,,,,
gru,iter3,F1_1,0.7442636629119733,,,,,,,,,
transformer,iter4,Accuracy,0.7284500202347228,,,,,,,,,
transformer,iter4,AUC,0.8230354157166742,,,,,,,,,
transformer,iter4,Precision_1,0.7950819672131147,,,,,,,,,
transformer,iter4,Recall_1,0.6222935044105854,,,,,,,,,
transformer,iter4,F1_1,0.6981556455240666,,,,,,,,,
gru,iter4,Accuracy,0.7393767705382436,,,,,,,,,
gru,iter4,AUC,0.825635774224151,,,,,,,,,
gru,iter4,Precision_1,0.7684772929652716,,,,,,,,,
gru,iter4,Recall_1,0.6920609462710505,,,,,,,,,
gru,iter4,F1_1,0.7282700421940929,,,,,,,,,
tabular,iter4,,,RandomForest,0.7491,0.8285,0.7576,0.7394,0.7484,,,
tabular,iter4,,,XGBoost,0.7406,0.8284,0.7459,0.737,0.7414,,,
lstm,iter4,Accuracy,0.7409955483609875,,,,,,,,,
lstm,iter4,AUC,0.8288048178373193,,,,,,,,,
lstm,iter4,Precision_1,0.800792864222002,,,,,,,,,
lstm,iter4,Recall_1,0.6479550922213312,,,,,,,,,
lstm,iter4,F1_1,0.7163120567375887,,,,,,,,,
clinicalbert_transformer,iter4,Accuracy,0.7346514047866806,,,,,,,,,
clinicalbert_transformer,iter4,MacroAUC,0.8268243278965872,,,,,,,,,
clinicalbert_transformer,iter4,Precision_1,0.8123644251626898,,,,,,,,,
clinicalbert_transformer,iter4,Recall_1,0.6896869244935543,,,,,,,,,
clinicalbert_transformer,iter4,F1_1,0.7460159362549801,,,,,,,,,
tfidf,iter4,0,,,,,,,,0.6070143884892086,0.8074162679425837,0.6930184804928131
tfidf,iter4,1,,,,,,,,0.8012345679012346,0.5976058931860037,0.6845991561181435
tfidf,iter4,Accuracy,,,,,,,,0.6888657648283039,,
tfidf,iter4,ROC_AUC,,,,,,,,0.7680505256108628,,
transformer,iter5,Accuracy,0.7239983812221773,,,,,,,,,
transformer,iter5,AUC,0.8135685776582753,,,,,,,,,
transformer,iter5,Precision_1,0.7703349282296651,,,,,,,,,
transformer,iter5,Recall_1,0.6455493183640738,,,,,,,,,
transformer,iter5,F1_1,0.7024432809773123,,,,,,,,,
gru,iter5,Accuracy,0.734925131525698,,,,,,,,,
gru,iter5,AUC,0.8263951129770272,,,,,,,,,
gru,iter5,Precision_1,0.7454394693200663,,,,,,,,,
gru,iter5,Recall_1,0.7209302325581395,,,,,,,,,
gru,iter5,F1_1,0.7329800244598451,,,,,,,,,
tfidf,iter5,0,,0.5994787141615986,0.8117647058823529,0.6896551724137931,,,,,,
tfidf,iter5,1,,0.794344473007712,0.5727525486561631,0.6655896607431341,,,,,,
tfidf,iter5,Accuracy,,0.6780715396578538,,,,,,,,
tfidf,iter5,ROC_AUC,,0.7616812953170147,,,,,,,,
tabular,iter5,,,,,,RandomForest,0.7487,0.825,0.7717,0.7129,0.7411
tabular,iter5,,,,,,XGBoost,0.7418,0.8249,0.7565,0.7201,0.7379
lstm,iter5,Accuracy,0.7353298259813841,,,,,,,,,
lstm,iter5,AUC,0.823808512980172,,,,,,,,,
lstm,iter5,Precision_1,0.7737765466297323,,,,,,,,,
lstm,iter5,Recall_1,0.6720128307939054,,,,,,,,,
lstm,iter5,F1_1,0.7193133047210301,,,,,,,,,
clinicalbert_transformer,iter5,Accuracy,0.7335406946604458,,,,,,,,,
clinicalbert_transformer,iter5,MacroAUC,0.8238663250286212,,,,,,,,,
clinicalbert_transformer,iter5,Precision_1,0.8149386845039019,,,,,,,,,
clinicalbert_transformer,iter5,Recall_1,0.6774791473586654,,,,,,,,,
clinicalbert_transformer,iter5,F1_1,0.7398785425101214,,,,,,,,,
gru,iter6,Accuracy,0.7519222986645083,,,,,,,,,
gru,iter6,AUC,0.8384017065794508,,,,,,,,,
gru,iter6,Precision_1,0.786618444846293,,,,,,,,,
gru,iter6,Recall_1,0.6976744186046512,,,,,,,,,
gru,iter6,F1_1,0.7394815129621759,,,,,,,,,
clinicalbert_transformer,iter6,Accuracy,0.7544224765868887,,,,,,,,,
clinicalbert_transformer,iter6,MacroAUC,0.8376819624515032,,,,,,,,,
clinicalbert_transformer,iter6,Precision_1,0.8331503841931943,,,,,,,,,
clinicalbert_transformer,iter6,Recall_1,0.7034291010194624,,,,,,,,,
clinicalbert_transformer,iter6,F1_1,0.7628140703517587,,,,,,,,,
transformer,iter6,Accuracy,0.745447187373533,,,,,,,,,
transformer,iter6,AUC,0.8305619761938456,,,,,,,,,
transformer,iter6,Precision_1,0.8077689243027888,,,,,,,,,
transformer,iter6,Recall_1,0.6503608660785886,,,,,,,,,
transformer,iter6,F1_1,0.7205686361617059,,,,,,,,,
tabular,iter6,,,RandomForest,0.741,0.8288,0.7506,0.7289,0.7396,,,
tabular,iter6,,,XGBoost,0.7374,0.8217,0.7351,0.7498,0.7424,,,
tfidf,iter6,0,,,,,,,,0.628673196794301,0.8374851720047449,0.7182095625635809
tfidf,iter6,1,,,,,,,,0.8285356695869838,0.6135310472659871,0.7050053248136315
tfidf,iter6,Accuracy,,,,,,,,0.7117585848074922,,
tfidf,iter6,ROC_AUC,,,,,,,,0.7777207928346289,,
lstm,iter6,Accuracy,0.7418049372723594,,,,,,,,,
lstm,iter6,AUC,0.8353388000482203,,,,,,,,,
lstm,iter6,Precision_1,0.793070259865255,,,,,,,,,
lstm,iter6,Recall_1,0.6607858861267041,,,,,,,,,
lstm,iter6,F1_1,0.7209098862642169,,,,,,,,,
tabular,iter7,RandomForest,0.7386,0.8283,0.7461,0.7306,0.7382,,,,,
tabular,iter7,XGBoost,0.7418,0.8271,0.7458,0.741,0.7434,,,,,
transformer,iter7,,,,,,,Accuracy,0.7381626871711857,,,
transformer,iter7,,,,,,,AUC,0.8199158372250264,,,
transformer,iter7,,,,,,,Precision_1,0.7767527675276753,,,
transformer,iter7,,,,,,,Recall_1,0.6752205292702486,,,
transformer,iter7,,,,,,,F1_1,0.7224367224367224,,,
gru,iter7,,,,,,,Accuracy,0.7381626871711857,,,
gru,iter7,,,,,,,AUC,0.8291762976241017,,,
gru,iter7,,,,,,,Precision_1,0.7717391304347826,,,
gru,iter7,,,,,,,Recall_1,0.6832397754611067,,,
gru,iter7,,,,,,,F1_1,0.7247979583156103,,,
clinicalbert_transformer,iter7,,,,,,,Accuracy,0.7514270887389725,,,
clinicalbert_transformer,iter7,,,,,,,MacroAUC,0.8345339552948741,,,
clinicalbert_transformer,iter7,,,,,,,Precision_1,0.8351893095768375,,,
clinicalbert_transformer,iter7,,,,,,,Recall_1,0.6938020351526365,,,
clinicalbert_transformer,iter7,,,,,,,F1_1,0.7579585649317837,,,
lstm,iter7,,,,,,,Accuracy,0.7422096317280453,,,
lstm,iter7,,,,,,,AUC,0.8195892363895572,,,
lstm,iter7,,,,,,,Precision_1,0.7742805755395683,,,
lstm,iter7,,,,,,,Recall_1,0.6904570970328789,,,
lstm,iter7,,,,,,,F1_1,0.7299703264094956,,,
tfidf,iter7,,,,,,,0,,0.6130434782608696,0.8333333333333334,0.7064128256513026
tfidf,iter7,,,,,,,1,,0.8185328185328186,0.5883441258094357,0.6846071044133477
tfidf,iter7,,,,,,,Accuracy,,0.6959003632589518,,
tfidf,iter7,,,,,,,ROC_AUC,,0.7696774066565631,,
lstm,iter8,Accuracy,0.7539457709429381,,,,,,,,,
lstm,iter8,AUC,0.8330011635768984,,,,,,,,,
lstm,iter8,Precision_1,0.7795275590551181,,,,,,,,,
lstm,iter8,Recall_1,0.714514835605453,,,,,,,,,
lstm,iter8,F1_1,0.7456066945606694,,,,,,,,,
transformer,iter8,Accuracy,0.745447187373533,,,,,,,,,
transformer,iter8,AUC,0.8278417220938095,,,,,,,,,
transformer,iter8,Precision_1,0.7609797297297297,,,,,,,,,
transformer,iter8,Recall_1,0.7225340817963112,,,,,,,,,
transformer,iter8,F1_1,0.7412587412587412,,,,,,,,,
clinicalbert_transformer,iter8,Accuracy,0.7640272679601469,,,,,,,,,
clinicalbert_transformer,iter8,MacroAUC,0.8459449335081477,,,,,,,,,
clinicalbert_transformer,iter8,Precision_1,0.8545034642032333,,,,,,,,,
clinicalbert_transformer,iter8,Recall_1,0.6954887218045113,,,,,,,,,
clinicalbert_transformer,iter8,F1_1,0.7668393782383419,,,,,,,,,
tfidf,iter8,0,,0.628396143733567,0.8505338078291815,0.7227822580645161,,,,,,
tfidf,iter8,1,,0.835509138381201,0.6015037593984962,0.6994535519125683,,,,,,
tfidf,iter8,Accuracy,,0.7115888830624016,,,,,,,,
tfidf,iter8,ROC_AUC,,0.7957081315388115,,,,,,,,
gru,iter8,Accuracy,0.7511129097531364,,,,,,,,,
gru,iter8,AUC,0.8293479514232851,,,,,,,,,
gru,iter8,Precision_1,0.7981132075471699,,,,,,,,,
gru,iter8,Recall_1,0.6784282277465918,,,,,,,,,
gru,iter8,F1_1,0.7334200260078023,,,,,,,,,
tabular,iter8,,,,,,RandomForest,0.7475,0.8276,0.7706,0.7113,0.7398
tabular,iter8,,,,,,XGBoost,0.7442,0.8237,0.763,0.7153,0.7384
lstm,iter9,Accuracy,0.7470659651962768,,,,,,,,,
lstm,iter9,AUC,0.8380040201057701,,,,,,,,,
lstm,iter9,Precision_1,0.7874306839186691,,,,,,,,,
lstm,iter9,Recall_1,0.6832397754611067,,,,,,,,,
lstm,iter9,F1_1,0.7316444826105625,,,,,,,,,
tfidf,iter9,0,,0.6017094017094017,0.8492159227985525,0.704352176088044,,,,,,
tfidf,iter9,1,,0.8301630434782609,0.5673166202414113,0.6740209597352455,,,,,,
tfidf,iter9,Accuracy,,0.6899265477439664,,,,,,,,
tfidf,iter9,ROC_AUC,,0.7779164748614802,,,,,,,,
tabular,iter9,,,,,,RandomForest,0.7515,0.8369,0.7627,0.737,0.7496
tabular,iter9,,,,,,XGBoost,0.7483,0.8282,0.7692,0.7161,0.7417
clinicalbert_transformer,iter9,Accuracy,0.7555089192025184,,,,,,,,,
clinicalbert_transformer,iter9,MacroAUC,0.8413801909203625,,,,,,,,,
clinicalbert_transformer,iter9,Precision_1,0.8507462686567164,,,,,,,,,
clinicalbert_transformer,iter9,Recall_1,0.6880222841225627,,,,,,,,,
clinicalbert_transformer,iter9,F1_1,0.7607802874743327,,,,,,,,,
transformer,iter9,Accuracy,0.7470659651962768,,,,,,,,,
transformer,iter9,AUC,0.8315335891105975,,,,,,,,,
transformer,iter9,Precision_1,0.761344537815126,,,,,,,,,
transformer,iter9,Recall_1,0.7265437048917401,,,,,,,,,
transformer,iter9,F1_1,0.7435371358227328,,,,,,,,,
gru,iter9,Accuracy,0.7583974099554837,,,,,,,,,
gru,iter9,AUC,0.8378408834798288,,,,,,,,,
gru,iter9,Precision_1,0.7865961199294532,,,,,,,,,
gru,iter9,Recall_1,0.7153167602245389,,,,,,,,,
gru,iter9,F1_1,0.749265014699706,,,,,,,,,
clinicalbert_transformer,iter10,Accuracy,0.7484177215189873,,,,,,,,,
clinicalbert_transformer,iter10,MacroAUC,0.830461940551185,,,,,,,,,
clinicalbert_transformer,iter10,Precision_1,0.8363431151241535,,,,,,,,,
clinicalbert_transformer,iter10,Recall_1,0.6905871388630009,,,,,,,,,
clinicalbert_transformer,iter10,F1_1,0.7565084226646248,,,,,,,,,
gru,iter10,Accuracy,0.7494941319303926,,,,,,,,,
gru,iter10,AUC,0.8267796961072587,,,,,,,,,
gru,iter10,Precision_1,0.7973484848484849,,,,,,,,,
gru,iter10,Recall_1,0.6752205292702486,,,,,,,,,
gru,iter10,F1_1,0.7312201476335215,,,,,,,,,
lstm,iter10,Accuracy,0.7458518818292189,,,,,,,,,
lstm,iter10,AUC,0.8326689938204632,,,,,,,,,
lstm,iter10,Precision_1,0.7900656044985942,,,,,,,,,
lstm,iter10,Recall_1,0.6760224538893344,,,,,,,,,
lstm,iter10,F1_1,0.7286084701815039,,,,,,,,,
transformer,iter10,Accuracy,0.7426143261837312,,,,,,,,,
transformer,iter10,AUC,0.8274106220943336,,,,,,,,,
transformer,iter10,Precision_1,0.7604433077578857,,,,,,,,,
transformer,iter10,Recall_1,0.7153167602245389,,,,,,,,,
transformer,iter10,F1_1,0.7371900826446282,,,,,,,,,
tabular,iter10,,,RandomForest,0.7446,0.8286,0.7588,0.7241,0.7411,,,
tabular,iter10,,,XGBoost,0.7321,0.8193,0.7524,0.6993,0.7249,,,
tfidf,iter10,0,,,,,,,,0.6104014598540146,0.8128797083839611,0.6972381448671183
tfidf,iter10,1,,,,,,,,0.8075,0.6020503261882573,0.6898024559530166
tfidf,iter10,Accuracy,,,,,,,,0.6935654008438819,,
tfidf,iter10,ROC_AUC,,,,,,,,0.7615779562190925,,
clinicalbert_transformer,iter11,Accuracy,0.7445141065830722,,,,,,,,,
clinicalbert_transformer,iter11,MacroAUC,0.8333553119317193,,,,,,,,,
clinicalbert_transformer,iter11,Precision_1,0.830316742081448,,,,,,,,,
clinicalbert_transformer,iter11,Recall_1,0.6840633737185461,,,,,,,,,
clinicalbert_transformer,iter11,F1_1,0.7501277465508431,,,,,,,,,
gru,iter11,Accuracy,0.75475515985431,,,,,,,,,
gru,iter11,AUC,0.8385261883422174,,,,,,,,,
gru,iter11,Precision_1,0.7808939526730938,,,,,,,,,
gru,iter11,Recall_1,0.714514835605453,,,,,,,,,
gru,iter11,F1_1,0.7462311557788944,,,,,,,,,
transformer,iter11,Accuracy,0.7401861594496155,,,,,,,,,
transformer,iter11,AUC,0.8278574461059485,,,,,,,,,
transformer,iter11,Precision_1,0.7922705314009661,,,,,,,,,
transformer,iter11,Recall_1,0.6575781876503609,,,,,,,,,
transformer,iter11,F1_1,0.7186678352322524,,,,,,,,,
lstm,iter11,Accuracy,0.7531363820315662,,,,,,,,,
lstm,iter11,AUC,0.8375578512613278,,,,,,,,,
lstm,iter11,Precision_1,0.8030447193149381,,,,,,,,,
lstm,iter11,Recall_1,0.6768243785084203,,,,,,,,,
lstm,iter11,F1_1,0.7345517841601392,,,,,,,,,
tabular,iter11,,,RandomForest,0.7483,0.8384,0.7633,0.7265,0.7445,,,
tabular,iter11,,,XGBoost,0.7276,0.8209,0.7184,0.757,0.7372,,,
tfidf,iter11,0,,,,,,,,0.6125,0.8739595719381689,0.720235178833905
tfidf,iter11,1,,,,,,,,0.8515406162464986,0.5666356011183598,0.6804700615556799
tfidf,iter11,Accuracy,,,,,,,,0.7016718913270638,,
tfidf,iter11,ROC_AUC,,,,,,,,0.7728689163147321,,
transformer,iter12,Accuracy,0.73573452043707,,,,,,,,,
transformer,iter12,AUC,0.8239965459586668,,,,,,,,,
transformer,iter12,Precision_1,0.751269035532995,,,,,,,,,
transformer,iter12,Recall_1,0.7121090617481957,,,,,,,,,
transformer,iter12,F1_1,0.7311650885137917,,,,,,,,,
tabular,iter12,,,RandomForest,0.745,0.8315,0.7556,0.7314,0.7433,,,
tabular,iter12,,,XGBoost,0.7463,0.8297,0.757,0.7322,0.7444,,,
tfidf,iter12,0,,,,,,,,0.6196150320806599,0.8028503562945368,0.6994309363683394
tfidf,iter12,1,,,,,,,,0.7992744860943168,0.6143122676579925,0.6946925906463479
tfidf,iter12,Accuracy,,,,,,,,0.6970802919708029,,
tfidf,iter12,ROC_AUC,,,,,,,,0.7726961165220002,,
lstm,iter12,Accuracy,0.7482800485633346,,,,,,,,,
lstm,iter12,AUC,0.8328989574979953,,,,,,,,,
lstm,iter12,Precision_1,0.7874885004599816,,,,,,,,,
lstm,iter12,Recall_1,0.6864474739374499,,,,,,,,,
lstm,iter12,F1_1,0.7335047129391602,,,,,,,,,
gru,iter12,Accuracy,0.7434237150951032,,,,,,,,,
gru,iter12,AUC,0.8299454638845648,,,,,,,,,
gru,iter12,Precision_1,0.7867165575304023,,,,,,,,,
gru,iter12,Recall_1,0.6744186046511628,,,,,,,,,
gru,iter12,F1_1,0.7262521588946459,,,,,,,,,
clinicalbert_transformer,iter12,Accuracy,0.7492179353493222,,,,,,,,,
clinicalbert_transformer,iter12,MacroAUC,0.8356696306369151,,,,,,,,,
clinicalbert_transformer,iter12,Precision_1,0.8188638799571275,,,,,,,,,
clinicalbert_transformer,iter12,Recall_1,0.7100371747211895,,,,,,,,,
clinicalbert_transformer,iter12,F1_1,0.7605774016923843,,,,,,,,,
tabular,iter13,RandomForest,0.7374,0.8294,0.7459,0.7273,0.7365,,,,,
tabular,iter13,XGBoost,0.7293,0.8226,0.7357,0.7233,0.7295,,,,,
tfidf,iter13,,,,,,,0,0.6102150537634409,0.8254545454545454,0.7017001545595054,
tfidf,iter13,,,,,,,1,0.8188679245283019,0.5994475138121547,0.6921850079744817,
tfidf,iter13,,,,,,,Accuracy,0.6970172684458399,,,
tfidf,iter13,,,,,,,ROC_AUC,0.7741107204643116,,,
lstm,iter13,,,,,,,Accuracy,,,,0.7405908539053015
lstm,iter13,,,,,,,AUC,,,,0.8283691316676363
lstm,iter13,,,,,,,Precision_1,,,,0.7671957671957672
lstm,iter13,,,,,,,Recall_1,,,,0.6976744186046512
lstm,iter13,,,,,,,F1_1,,,,0.7307853842923141
transformer,iter13,,,,,,,Accuracy,,,,0.7312828814245245
transformer,iter13,,,,,,,AUC,,,,0.8185678307676987
transformer,iter13,,,,,,,Precision_1,,,,0.7510766580534023
transformer,iter13,,,,,,,Recall_1,,,,0.6992782678428228
transformer,iter13,,,,,,,F1_1,,,,0.7242524916943521
gru,iter13,,,,,,,Accuracy,,,,0.7450424929178471
gru,iter13,,,,,,,AUC,,,,0.832487512513693
gru,iter13,,,,,,,Precision_1,,,,0.7708516242317822
gru,iter13,,,,,,,Recall_1,,,,0.7040898155573376
gru,iter13,,,,,,,F1_1,,,,0.7359597652975691
clinicalbert_transformer,iter13,,,,,,,Accuracy,,,,0.738880167451596
clinicalbert_transformer,iter13,,,,,,,MacroAUC,,,,0.8309593169261676
clinicalbert_transformer,iter13,,,,,,,Precision_1,,,,0.8228822882288229
clinicalbert_transformer,iter13,,,,,,,Recall_1,,,,0.6887661141804788
clinicalbert_transformer,iter13,,,,,,,F1_1,,,,0.749874686716792
tabular,iter14,RandomForest,0.7471,0.8309,0.76,0.7289,0.7442,,,,,
tabular,iter14,XGBoost,0.745,0.8262,0.7569,0.7289,0.7426,,,,,
transformer,iter14,,,,,,,Accuracy,0.7434237150951032,,,
transformer,iter14,,,,,,,AUC,0.8255309474765582,,,
transformer,iter14,,,,,,,Precision_1,0.7621899059024807,,,
transformer,iter14,,,,,,,Recall_1,0.714514835605453,,,
transformer,iter14,,,,,,,F1_1,0.7375827814569537,,,
clinicalbert_transformer,iter14,,,,,,,Accuracy,0.7445255474452555,,,
clinicalbert_transformer,iter14,,,,,,,MacroAUC,0.8269629606700334,,,
clinicalbert_transformer,iter14,,,,,,,Precision_1,0.8238512035010941,,,
clinicalbert_transformer,iter14,,,,,,,Recall_1,0.6959334565619224,,,
clinicalbert_transformer,iter14,,,,,,,F1_1,0.7545090180360722,,,
lstm,iter14,,,,,,,Accuracy,0.7422096317280453,,,
lstm,iter14,,,,,,,AUC,0.8259057030992029,,,
lstm,iter14,,,,,,,Precision_1,0.801980198019802,,,
lstm,iter14,,,,,,,Recall_1,0.6495589414595028,,,
lstm,iter14,,,,,,,F1_1,0.717766947275144,,,
gru,iter14,,,,,,,Accuracy,0.7409955483609875,,,
gru,iter14,,,,,,,AUC,0.8288041626701469,,,
gru,iter14,,,,,,,Precision_1,0.7887725975261656,,,
gru,iter14,,,,,,,Recall_1,0.6647955092221332,,,
gru,iter14,,,,,,,F1_1,0.721496953872933,,,
tfidf,iter14,,,,,,,0,,0.6087344028520499,0.8169856459330144,0.6976506639427987
tfidf,iter14,,,,,,,1,,0.8077889447236181,0.5942698706099815,0.6847710330138446
tfidf,iter14,,,,,,,Accuracy,,0.6913451511991658,,
tfidf,iter14,,,,,,,ROC_AUC,,0.7709761296199665,,
tabular,iter15,RandomForest,0.7491,0.8364,0.7597,0.7354,0.7474,,,,,
tabular,iter15,XGBoost,0.7353,0.8237,0.7436,0.7257,0.7346,,,,,
lstm,iter15,,,,,,,Accuracy,0.7426143261837312,,,
lstm,iter15,,,,,,,AUC,0.8360660356096461,,,
lstm,iter15,,,,,,,Precision_1,0.7980487804878049,,,
lstm,iter15,,,,,,,Recall_1,0.6559743384121892,,,
lstm,iter15,,,,,,,F1_1,0.7200704225352113,,,
transformer,iter15,,,,,,,Accuracy,0.7324969647915823,,,
transformer,iter15,,,,,,,AUC,0.8321422394138088,,,
transformer,iter15,,,,,,,Precision_1,0.8547215496368039,,,
transformer,iter15,,,,,,,Recall_1,0.566158781074579,,,
transformer,iter15,,,,,,,F1_1,0.6811384466956102,,,
tfidf,iter15,,,,,,,0,,0.6155866900175131,0.834916864608076,0.7086693548387096
tfidf,iter15,,,,,,,1,,0.8229299363057325,0.5953917050691244,0.6909090909090909
tfidf,iter15,,,,,,,Accuracy,,0.7000518941359626,,
tfidf,iter15,,,,,,,ROC_AUC,,0.7810304629092462,,
clinicalbert_transformer,iter15,,,,,,,Accuracy,0.7441619097042034,,,
clinicalbert_transformer,iter15,,,,,,,MacroAUC,0.8353984916317305,,,
clinicalbert_transformer,iter15,,,,,,,Precision_1,0.827433628318584,,,
clinicalbert_transformer,iter15,,,,,,,Recall_1,0.6894009216589861,,,
clinicalbert_transformer,iter15,,,,,,,F1_1,0.7521367521367521,,,
gru,iter15,,,,,,,Accuracy,0.7442331040064751,,,
gru,iter15,,,,,,,AUC,0.833433573910719,,,
gru,iter15,,,,,,,Precision_1,0.7695004382120947,,,
gru,iter15,,,,,,,Recall_1,0.7040898155573376,,,
gru,iter15,,,,,,,F1_1,0.7353433835845896,,,
transformer,iter16,Accuracy,0.7385673816268717,,,,,,,,,
transformer,iter16,AUC,0.8272992436750162,,,,,,,,,
transformer,iter16,Precision_1,0.8133472367049009,,,,,,,,,
transformer,iter16,Recall_1,0.6255012028869287,,,,,,,,,
transformer,iter16,F1_1,0.7071622846781505,,,,,,,,,
clinicalbert_transformer,iter16,Accuracy,0.7494813278008299,,,,,,,,,
clinicalbert_transformer,iter16,MacroAUC,0.8347721084873553,,,,,,,,,
clinicalbert_transformer,iter16,Precision_1,0.8283499446290143,,,,,,,,,
clinicalbert_transformer,iter16,Recall_1,0.6951672862453532,,,,,,,,,
clinicalbert_transformer,iter16,F1_1,0.7559373420919656,,,,,,,,,
tfidf,iter16,0,,0.6094827586206897,0.82981220657277,0.7027833001988072,,,,,,
tfidf,iter16,1,,0.8111979166666666,0.578996282527881,0.675704989154013,,,,,,
tfidf,iter16,Accuracy,,0.6898340248962656,,,,,,,,
tfidf,iter16,ROC_AUC,,0.7716999799291412,,,,,,,,
gru,iter16,Accuracy,0.7478753541076487,,,,,,,,,
gru,iter16,AUC,0.8333339885005057,,,,,,,,,
gru,iter16,Precision_1,0.7937853107344632,,,,,,,,,
gru,iter16,Recall_1,0.6760224538893344,,,,,,,,,
gru,iter16,F1_1,0.7301862278042442,,,,,,,,,
tabular,iter16,,,,,,RandomForest,0.7515,0.8358,0.7721,0.7201,0.7452
tabular,iter16,,,,,,XGBoost,0.7382,0.8232,0.7582,0.7065,0.7314
lstm,iter16,Accuracy,0.7575880210441117,,,,,,,,,
lstm,iter16,AUC,0.8372931637236557,,,,,,,,,
lstm,iter16,Precision_1,0.7967032967032966,,,,,,,,,
lstm,iter16,Recall_1,0.6976744186046512,,,,,,,,,
lstm,iter16,F1_1,0.7439076528430953,,,,,,,,,
transformer,iter17,Accuracy,0.7409955483609875,,,,,,,,,
transformer,iter17,AUC,0.8193225833503677,,,,,,,,,
transformer,iter17,Precision_1,0.7751586582048957,,,,,,,,,
transformer,iter17,Recall_1,0.6856455493183641,,,,,,,,,
transformer,iter17,F1_1,0.7276595744680852,,,,,,,,,
tfidf,iter17,0,,0.6095406360424028,0.8273381294964028,0.7019328585961343,,,,,,
tfidf,iter17,1,,0.8132295719844358,0.5865294667913938,0.6815217391304348,,,,,,
tfidf,iter17,Accuracy,,0.6920651602732527,,,,,,,,
tfidf,iter17,ROC_AUC,,0.7760188481581433,,,,,,,,
tabular,iter17,,,,,,RandomForest,0.739,0.8245,0.7551,0.7145,0.7342
tabular,iter17,,,,,,XGBoost,0.7426,0.8281,0.7548,0.7257,0.74
gru,iter17,Accuracy,0.7466612707405909,,,,,,,,,
gru,iter17,AUC,0.8328314752792321,,,,,,,,,
gru,iter17,Precision_1,0.7872340425531915,,,,,,,,,
gru,iter17,Recall_1,0.6824378508420208,,,,,,,,,
gru,iter17,F1_1,0.7310996563573883,,,,,,,,,
clinicalbert_transformer,iter17,Accuracy,0.7461902259590121,,,,,,,,,
clinicalbert_transformer,iter17,MacroAUC,0.8279954147065883,,,,,,,,,
clinicalbert_transformer,iter17,Precision_1,0.8337129840546698,,,,,,,,,
clinicalbert_transformer,iter17,Recall_1,0.6847521047708138,,,,,,,,,
clinicalbert_transformer,iter17,F1_1,0.7519260400616333,,,,,,,,,
lstm,iter17,Accuracy,0.745447187373533,,,,,,,,,
lstm,iter17,AUC,0.8325255122096955,,,,,,,,,
lstm,iter17,Precision_1,0.760539629005059,,,,,,,,,
lstm,iter17,Recall_1,0.723336006415397,,,,,,,,,
lstm,iter17,F1_1,0.7414714344430744,,,,,,,,,
tabular,iter18,RandomForest,0.7568,0.8433,0.7723,0.7346,0.753,,,,,
tabular,iter18,XGBoost,0.7511,0.8371,0.7528,0.7546,0.7537,,,,,
gru,iter18,,,,,,,Accuracy,0.7608255766895994,,,
gru,iter18,,,,,,,AUC,0.843143151406513,,,
gru,iter18,,,,,,,Precision_1,0.8111954459203036,,,
gru,iter18,,,,,,,Recall_1,0.6856455493183641,,,
gru,iter18,,,,,,,F1_1,0.7431551499348109,,,
tfidf,iter18,,,,,,,0,,0.6119266055045871,0.8144078144078144,0.6987951807228916
tfidf,iter18,,,,,,,1,,0.8141809290953546,0.6115702479338843,0.6984792868379653
tfidf,iter18,,,,,,,Accuracy,,0.6986373165618449,,
tfidf,iter18,,,,,,,ROC_AUC,,0.7770742164681558,,
transformer,iter18,,,,,,,Accuracy,0.7575880210441117,,,
transformer,iter18,,,,,,,AUC,0.8385081712449748,,,
transformer,iter18,,,,,,,Precision_1,0.8176470588235294,,,
transformer,iter18,,,,,,,Recall_1,0.6688051323175621,,,
transformer,iter18,,,,,,,F1_1,0.7357741508601676,,,
clinicalbert_transformer,iter18,,,,,,,Accuracy,0.7437106918238994,,,
clinicalbert_transformer,iter18,,,,,,,MacroAUC,0.8361145027811695,,,
clinicalbert_transformer,iter18,,,,,,,Precision_1,0.8325942350332595,,,
clinicalbert_transformer,iter18,,,,,,,Recall_1,0.689623507805326,,,
clinicalbert_transformer,iter18,,,,,,,F1_1,0.754394776494224,,,
lstm,iter18,,,,,,,Accuracy,0.7604208822339134,,,
lstm,iter18,,,,,,,AUC,0.8455784077865308,,,
lstm,iter18,,,,,,,Precision_1,0.8110161443494777,,,
lstm,iter18,,,,,,,Recall_1,0.6848436246992783,,,
lstm,iter18,,,,,,,F1_1,0.7426086956521739,,,
tabular,iter19,RandomForest,0.7418,0.8282,0.7623,0.7097,0.735,,,,,
tabular,iter19,XGBoost,0.7285,0.8179,0.747,0.6985,0.7219,,,,,
lstm,iter19,,,,,,,Accuracy,0.7385673816268717,,,
lstm,iter19,,,,,,,AUC,0.8277631020331147,,,
lstm,iter19,,,,,,,Precision_1,0.7925998052580331,,,
lstm,iter19,,,,,,,Recall_1,0.652766639935846,,,
lstm,iter19,,,,,,,F1_1,0.7159190853122251,,,
clinicalbert_transformer,iter19,,,,,,,Accuracy,0.738421052631579,,,
clinicalbert_transformer,iter19,,,,,,,MacroAUC,0.8284168925022584,,,
clinicalbert_transformer,iter19,,,,,,,Precision_1,0.8286358511837655,,,
clinicalbert_transformer,iter19,,,,,,,Recall_1,0.6805555555555556,,,
clinicalbert_transformer,iter19,,,,,,,F1_1,0.7473309608540926,,,
transformer,iter19,,,,,,,Accuracy,0.7365439093484419,,,
transformer,iter19,,,,,,,AUC,0.8230734154126768,,,
transformer,iter19,,,,,,,Precision_1,0.7774674115456238,,,
transformer,iter19,,,,,,,Recall_1,0.6696070569366479,,,
transformer,iter19,,,,,,,F1_1,0.7195174493752693,,,
gru,iter19,,,,,,,Accuracy,0.7365439093484419,,,
gru,iter19,,,,,,,AUC,0.8294848813623283,,,
gru,iter19,,,,,,,Precision_1,0.7614035087719299,,,
gru,iter19,,,,,,,Recall_1,0.6960705693664796,,,
gru,iter19,,,,,,,F1_1,0.7272727272727273,,,
tfidf,iter19,,,,,,,0,,0.6010733452593918,0.8195121951219512,0.6934984520123839
tfidf,iter19,,,,,,,1,,0.8107416879795396,0.587037037037037,0.6809881847475833
tfidf,iter19,,,,,,,Accuracy,,0.6873684210526316,,
tfidf,iter19,,,,,,,ROC_AUC,,0.7722775519421861,,
tfidf,iter20,0,0.6276112624886467,0.8355501813784765,0.716804979253112,,,,,,,
tfidf,iter20,1,0.8312655086848635,0.6203703703703703,0.7104984093319194,,,,,,,
tfidf,iter20,Accuracy,0.7136864184583115,,,,,,,,,
tfidf,iter20,ROC_AUC,0.7822327466523356,,,,,,,,,
tabular,iter20,,,,,RandomForest,0.7442,0.8292,0.7478,0.7442,0.746,
tabular,iter20,,,,,XGBoost,0.7349,0.8177,0.7239,0.7674,0.745,
transformer,iter20,Accuracy,,,,,,,,,,0.7434237150951032
transformer,iter20,AUC,,,,,,,,,,0.8272913816689467
transformer,iter20,Precision_1,,,,,,,,,,0.7788898999090081
transformer,iter20,Recall_1,,,,,,,,,,0.6864474739374499
transformer,iter20,F1_1,,,,,,,,,,0.7297527706734868
gru,iter20,Accuracy,,,,,,,,,,0.7539457709429381
gru,iter20,AUC,,,,,,,,,,0.8344182901709201
gru,iter20,Precision_1,,,,,,,,,,0.7751937984496124
gru,iter20,Recall_1,,,,,,,,,,0.7217321571772254
gru,iter20,F1_1,,,,,,,,,,0.7475083056478405
clinicalbert_transformer,iter20,Accuracy,,,,,,,,,,0.7456738332459361
clinicalbert_transformer,iter20,MacroAUC,,,,,,,,,,0.8309776523803126
clinicalbert_transformer,iter20,Precision_1,,,,,,,,,,0.8223185265438786
clinicalbert_transformer,iter20,Recall_1,,,,,,,,,,0.7027777777777777
clinicalbert_transformer,iter20,F1_1,,,,,,,,,,0.7578632051922117
lstm,iter20,Accuracy,,,,,,,,,,0.7507082152974505
lstm,iter20,AUC,,,,,,,,,,0.8342505673747713
lstm,iter20,Precision_1,,,,,,,,,,0.7897153351698806
lstm,iter20,Recall_1,,,,,,,,,,0.6896551724137931
lstm,iter20,F1_1,,,,,,,,,,0.7363013698630136
lstm,iter21,Accuracy,0.7458518818292189,,,,,,,,,
lstm,iter21,AUC,0.834618116158519,,,,,,,,,
lstm,iter21,Precision_1,0.7906103286384977,,,,,,,,,
lstm,iter21,Recall_1,0.6752205292702486,,,,,,,,,
lstm,iter21,F1_1,0.7283737024221453,,,,,,,,,
gru,iter21,Accuracy,0.7511129097531364,,,,,,,,,
gru,iter21,AUC,0.8370874412315047,,,,,,,,,
gru,iter21,Precision_1,0.7831541218637993,,,,,,,,,
gru,iter21,Recall_1,0.7008821170809943,,,,,,,,,
gru,iter21,F1_1,0.739737621667372,,,,,,,,,
tabular,iter21,,,RandomForest,0.7454,0.8301,0.761,0.7225,0.7413,,,
tabular,iter21,,,XGBoost,0.7321,0.8195,0.7423,0.7185,0.7302,,,
clinicalbert_transformer,iter21,Accuracy,0.7384535547483134,,,,,,,,,
clinicalbert_transformer,iter21,MacroAUC,0.8314163525089661,,,,,,,,,
clinicalbert_transformer,iter21,Precision_1,0.8302540415704388,,,,,,,,,
clinicalbert_transformer,iter21,Recall_1,0.6682156133828996,,,,,,,,,
clinicalbert_transformer,iter21,F1_1,0.7404737384140062,,,,,,,,,
transformer,iter21,Accuracy,0.7414002428166734,,,,,,,,,
transformer,iter21,AUC,0.8301924619085806,,,,,,,,,
transformer,iter21,Precision_1,0.8186582809224319,,,,,,,,,
transformer,iter21,Recall_1,0.6263031275060145,,,,,,,,,
transformer,iter21,F1_1,0.7096774193548387,,,,,,,,,
tfidf,iter21,0,,,,,,,,0.6061908856405847,0.8284371327849589,0.7000993048659384
tfidf,iter21,1,,,,,,,,0.8089005235602095,0.5743494423791822,0.6717391304347826
tfidf,iter21,Accuracy,,,,,,,,0.6865594187856772,,
tfidf,iter21,ROC_AUC,,,,,,,,0.7740636425984737,,
clinicalbert_transformer,iter22,Accuracy,0.7511811023622047,,,,,,,,,
clinicalbert_transformer,iter22,MacroAUC,0.8349543279882496,,,,,,,,,
clinicalbert_transformer,iter22,Precision_1,0.8386740331491712,,,,,,,,,
clinicalbert_transformer,iter22,Recall_1,0.6982520699172033,,,,,,,,,
clinicalbert_transformer,iter22,F1_1,0.7620481927710844,,,,,,,,,
lstm,iter22,Accuracy,0.7515176042088223,,,,,,,,,
lstm,iter22,AUC,0.832967750051103,,,,,,,,,
lstm,iter22,Precision_1,0.7988668555240793,,,,,,,,,
lstm,iter22,Recall_1,0.6784282277465918,,,,,,,,,
lstm,iter22,F1_1,0.7337380745880312,,,,,,,,,
gru,iter22,Accuracy,0.744637798462161,,,,,,,,,
gru,iter22,AUC,0.8305370798412923,,,,,,,,,
gru,iter22,Precision_1,0.7601351351351351,,,,,,,,,
gru,iter22,Recall_1,0.7217321571772254,,,,,,,,,
gru,iter22,F1_1,0.7404360345536816,,,,,,,,,
tabular,iter22,,,RandomForest,0.7624,0.8447,0.7797,0.7378,0.7581,,,
tabular,iter22,,,XGBoost,0.7232,0.8151,0.7768,0.6335,0.6979,,,
tfidf,iter22,0,,,,,,,,0.6084229390681004,0.8300733496332519,0.7021716649431231
tfidf,iter22,1,,,,,,,,0.8238276299112801,0.5979760809567617,0.6929637526652452
tfidf,iter22,Accuracy,,,,,,,,0.6976377952755906,,
tfidf,iter22,ROC_AUC,,,,,,,,0.7907994682657682,,
transformer,iter22,Accuracy,0.7486847430190207,,,,,,,,,
transformer,iter22,AUC,0.8280612030965822,,,,,,,,,
transformer,iter22,Precision_1,0.7952830188679245,,,,,,,,,
transformer,iter22,Recall_1,0.6760224538893344,,,,,,,,,
transformer,iter22,F1_1,0.7308192457737321,,,,,,,,,
clinicalbert_transformer,iter23,Accuracy,0.7404898384575299,,,,,,,,,
clinicalbert_transformer,iter23,MacroAUC,0.8324614041485705,,,,,,,,,
clinicalbert_transformer,iter23,Precision_1,0.8331441543700341,,,,,,,,,
clinicalbert_transformer,iter23,Recall_1,0.6764976958525346,,,,,,,,,
clinicalbert_transformer,iter23,F1_1,0.7466937945066124,,,,,,,,,
tabular,iter23,,,RandomForest,0.7426,0.8309,0.7716,0.6961,0.7319,,,
tabular,iter23,,,XGBoost,0.7272,0.8216,0.7468,0.6953,0.7201,,,
lstm,iter23,Accuracy,0.7478753541076487,,,,,,,,,
lstm,iter23,AUC,0.83352988348507,,,,,,,,,
lstm,iter23,Precision_1,0.7977099236641222,,,,,,,,,
lstm,iter23,Recall_1,0.6704089815557338,,,,,,,,,
lstm,iter23,F1_1,0.7285403050108933,,,,,,,,,
gru,iter23,Accuracy,0.7434237150951032,,,,,,,,,
gru,iter23,AUC,0.8338790875879889,,,,,,,,,
gru,iter23,Precision_1,0.7724444444444445,,,,,,,,,
gru,iter23,Recall_1,0.6968724939855654,,,,,,,,,
gru,iter23,F1_1,0.7327150084317032,,,,,,,,,
transformer,iter23,Accuracy,0.7381626871711857,,,,,,,,,
transformer,iter23,AUC,0.8262647347097085,,,,,,,,,
transformer,iter23,Precision_1,0.8171247357293869,,,,,,,,,
transformer,iter23,Recall_1,0.619887730553328,,,,,,,,,
transformer,iter23,F1_1,0.7049703602371181,,,,,,,,,
tfidf,iter23,0,,,,,,,,0.5998307952622673,0.8501199040767387,0.7033730158730159
tfidf,iter23,1,,,,,,,,0.830393487109905,0.5640552995391706,0.6717892425905598
tfidf,iter23,Accuracy,,,,,,,,0.6883793642522147,,
tfidf,iter23,ROC_AUC,,,,,,,,0.767377802826863,,
tfidf,iter24,0,0.6093489148580968,0.8827085852478839,0.7209876543209877,,,,,,,
tfidf,iter24,1,0.8629943502824858,0.5662650602409639,0.6838276440962507,,,,,,,
tfidf,iter24,Accuracy,0.7035676810073452,,,,,,,,,
tfidf,iter24,ROC_AUC,0.7876241268674362,,,,,,,,,
clinicalbert_transformer,iter24,Accuracy,,,,0.7418677859391396,,,,,,
clinicalbert_transformer,iter24,MacroAUC,,,,0.8313645242303042,,,,,,
clinicalbert_transformer,iter24,Precision_1,,,,0.831638418079096,,,,,,
clinicalbert_transformer,iter24,Recall_1,,,,0.6821130676552364,,,,,,
clinicalbert_transformer,iter24,F1_1,,,,0.7494908350305499,,,,,,
lstm,iter24,Accuracy,,,,0.745447187373533,,,,,,
lstm,iter24,AUC,,,,0.8335298834850701,,,,,,
lstm,iter24,Precision_1,,,,0.7937262357414449,,,,,,
lstm,iter24,Recall_1,,,,0.6696070569366479,,,,,,
lstm,iter24,F1_1,,,,0.7264027838190518,,,,,,
gru,iter24,Accuracy,,,,0.7462565762849049,,,,,,
gru,iter24,AUC,,,,0.8326637524830837,,,,,,
gru,iter24,Precision_1,,,,0.7549342105263158,,,,,,
gru,iter24,Recall_1,,,,0.7361668003207699,,,,,,
gru,iter24,F1_1,,,,0.7454323995127893,,,,,,
transformer,iter24,Accuracy,,,,0.7324969647915823,,,,,,
transformer,iter24,AUC,,,,0.8288198866822858,,,,,,
transformer,iter24,Precision_1,,,,0.8219780219780219,,,,,,
transformer,iter24,Recall_1,,,,0.5998396150761829,,,,,,
transformer,iter24,F1_1,,,,0.6935558646267965,,,,,,
tabular,iter24,,,,,,RandomForest,0.7378,0.8283,0.7634,0.6961,0.7282
tabular,iter24,,,,,,XGBoost,0.7454,0.8254,0.7692,0.7081,0.7374
lstm,iter25,Accuracy,0.7571833265884257,,,,,,,,,
lstm,iter25,AUC,0.8379791237532168,,,,,,,,,
lstm,iter25,Precision_1,0.8054768649669499,,,,,,,,,
lstm,iter25,Recall_1,0.6840417000801925,,,,,,,,,
lstm,iter25,F1_1,0.7398091934084996,,,,,,,,,
transformer,iter25,Accuracy,0.7478753541076487,,,,,,,,,
transformer,iter25,AUC,0.8380348129628756,,,,,,,,,
transformer,iter25,Precision_1,0.8209876543209876,,,,,,,,,
transformer,iter25,Recall_1,0.6399358460304732,,,,,,,,,
transformer,iter25,F1_1,0.7192429022082019,,,,,,,,,
clinicalbert_transformer,iter25,Accuracy,0.7523659305993691,,,,,,,,,
clinicalbert_transformer,iter25,MacroAUC,0.8406545652638278,,,,,,,,,
clinicalbert_transformer,iter25,Precision_1,0.8333333333333334,,,,,,,,,
clinicalbert_transformer,iter25,Recall_1,0.7103574702108157,,,,,,,,,
clinicalbert_transformer,iter25,F1_1,0.7669470559129143,,,,,,,,,
tabular,iter25,,,RandomForest,0.7511,0.8389,0.7642,0.733,0.7483,,,
tabular,iter25,,,XGBoost,0.7386,0.8323,0.7657,0.6945,0.7283,,,
gru,iter25,Accuracy,0.7612302711452853,,,,,,,,,
gru,iter25,AUC,0.8392704582501271,,,,,,,,,
gru,iter25,Precision_1,0.8005489478499542,,,,,,,,,
gru,iter25,Recall_1,0.7016840417000801,,,,,,,,,
gru,iter25,F1_1,0.7478632478632479,,,,,,,,,
tfidf,iter25,0,,,,,,,,0.6089193825042881,0.8754623921085081,0.7182599898836621
tfidf,iter25,1,,,,,,,,0.8627717391304348,0.5820348304307974,0.6951286261631089
tfidf,iter25,Accuracy,,,,,,,,0.7071503680336488,,
tfidf,iter25,ROC_AUC,,,,,,,,0.7813632669944994,,
transformer,iter26,Accuracy,0.7333063537029543,,,,,,,,,
transformer,iter26,AUC,0.8148923429302221,,,,,,,,,
transformer,iter26,Precision_1,0.779467680608365,,,,,,,,,
transformer,iter26,Recall_1,0.6575781876503609,,,,,,,,,
transformer,iter26,F1_1,0.7133536320139191,,,,,,,,,
tabular,iter26,,,RandomForest,0.7382,0.8225,0.75,0.7217,0.7356,,,
tabular,iter26,,,XGBoost,0.7353,0.8215,0.7452,0.7225,0.7337,,,
gru,iter26,Accuracy,0.7381626871711857,,,,,,,,,
gru,iter26,AUC,0.8269002468669906,,,,,,,,,
gru,iter26,Precision_1,0.7873563218390804,,,,,,,,,
gru,iter26,Recall_1,0.6591820368885325,,,,,,,,,
gru,iter26,F1_1,0.7175905718027062,,,,,,,,,
lstm,iter26,Accuracy,0.7381626871711857,,,,,,,,,
lstm,iter26,AUC,0.823549721947052,,,,,,,,,
lstm,iter26,Precision_1,0.77124773960217,,,,,,,,,
lstm,iter26,Recall_1,0.6840417000801925,,,,,,,,,
lstm,iter26,F1_1,0.725031874203145,,,,,,,,,
clinicalbert_transformer,iter26,Accuracy,0.7480438184663537,,,,,,,,,
clinicalbert_transformer,iter26,MacroAUC,0.8314144227793254,,,,,,,,,
clinicalbert_transformer,iter26,Precision_1,0.824235807860262,,,,,,,,,
clinicalbert_transformer,iter26,Recall_1,0.7010213556174559,,,,,,,,,
clinicalbert_transformer,iter26,F1_1,0.7576517812343201,,,,,,,,,
tfidf,iter26,0,,,,,,,,0.618018018018018,0.8166666666666667,0.7035897435897436
tfidf,iter26,1,,,,,,,,0.8091697645600991,0.606313834726091,0.6932059447983014
tfidf,iter26,Accuracy,,,,,,,,0.6984872196139802,,
tfidf,iter26,ROC_AUC,,,,,,,,0.7763723084405536,,
tabular,iter27,RandomForest,0.7301,0.8102,0.7474,0.7025,0.7243,,,,,
tabular,iter27,XGBoost,0.7378,0.8109,0.7371,0.7466,0.7418,,,,,
gru,iter27,,,,,,,Accuracy,0.7426143261837312,,,
gru,iter27,,,,,,,AUC,0.82616908030253,,,
gru,iter27,,,,,,,Precision_1,0.7725245316681534,,,
gru,iter27,,,,,,,Recall_1,0.6944667201283079,,,
gru,iter27,,,,,,,F1_1,0.731418918918919,,,
lstm,iter27,,,,,,,Accuracy,0.736139214892756,,,
lstm,iter27,,,,,,,AUC,0.8193926862378202,,,
lstm,iter27,,,,,,,Precision_1,0.7902439024390244,,,
lstm,iter27,,,,,,,Recall_1,0.6495589414595028,,,
lstm,iter27,,,,,,,F1_1,0.7130281690140845,,,
transformer,iter27,,,,,,,Accuracy,0.7284500202347228,,,
transformer,iter27,,,,,,,AUC,0.8122952602586075,,,
transformer,iter27,,,,,,,Precision_1,0.7807017543859649,,,
transformer,iter27,,,,,,,Recall_1,0.6423416198877305,,,
transformer,iter27,,,,,,,F1_1,0.7047954245490541,,,
clinicalbert_transformer,iter27,,,,,,,Accuracy,0.735778841041999,,,
clinicalbert_transformer,iter27,,,,,,,MacroAUC,0.8241473773869405,,,
clinicalbert_transformer,iter27,,,,,,,Precision_1,0.8258877434135166,,,
clinicalbert_transformer,iter27,,,,,,,Recall_1,0.6763602251407129,,,
clinicalbert_transformer,iter27,,,,,,,F1_1,0.7436823104693141,,,
tfidf,iter27,,,,,,,0,,0.6067518248175182,0.8159509202453987,0.6959706959706959
tfidf,iter27,,,,,,,1,,0.8089171974522293,0.5956848030018762,0.6861156131820637
tfidf,iter27,,,,,,,Accuracy,,0.6911217437533227,,
tfidf,iter27,,,,,,,ROC_AUC,,0.7757214056331219,,
gru,iter28,Accuracy,0.7442331040064751,,,,,,,,,
gru,iter28,AUC,0.8334040913879586,,,,,,,,,
gru,iter28,Precision_1,0.764402407566638,,,,,,,,,
gru,iter28,Recall_1,0.7129109863672815,,,,,,,,,
gru,iter28,F1_1,0.7377593360995851,,,,,,,,,
tabular,iter28,,,RandomForest,0.7406,0.8283,0.7635,0.7041,0.7326,,,
tabular,iter28,,,XGBoost,0.7369,0.8241,0.7692,0.684,0.7241,,,
tfidf,iter28,0,,,,,,,,0.5946445060018467,0.7950617283950617,0.6804014791336503
tfidf,iter28,1,,,,,,,,0.7953144266337855,0.5950184501845018,0.6807387862796834
tfidf,iter28,Accuracy,,,,,,,,0.6805702217529039,,
tfidf,iter28,ROC_AUC,,,,,,,,0.7641360302491914,,
transformer,iter28,Accuracy,0.7231889923108054,,,,,,,,,
transformer,iter28,AUC,0.8113374058524774,,,,,,,,,
transformer,iter28,Precision_1,0.7917098445595855,,,,,,,,,
transformer,iter28,Recall_1,0.6126704089815558,,,,,,,,,
transformer,iter28,F1_1,0.6907775768535263,,,,,,,,,
clinicalbert_transformer,iter28,Accuracy,0.7206969376979937,,,,,,,,,
clinicalbert_transformer,iter28,MacroAUC,0.815918409184092,,,,,,,,,
clinicalbert_transformer,iter28,Precision_1,0.823803967327888,,,,,,,,,
clinicalbert_transformer,iter28,Recall_1,0.6512915129151291,,,,,,,,,
clinicalbert_transformer,iter28,F1_1,0.7274600721277692,,,,,,,,,
lstm,iter28,Accuracy,0.7405908539053015,,,,,,,,,
lstm,iter28,AUC,0.82890374808036,,,,,,,,,
lstm,iter28,Precision_1,0.772972972972973,,,,,,,,,
lstm,iter28,Recall_1,0.6880513231756215,,,,,,,,,
lstm,iter28,F1_1,0.7280441238862961,,,,,,,,,
transformer,iter29,Accuracy,0.7535410764872521,,,,,,,,,
transformer,iter29,AUC,0.840989616910651,,,,,,,,,
transformer,iter29,Precision_1,0.7981308411214953,,,,,,,,,
transformer,iter29,Recall_1,0.6848436246992783,,,,,,,,,
transformer,iter29,F1_1,0.7371601208459214,,,,,,,,,
tfidf,iter29,0,,0.6070796460176991,0.8225419664268585,0.6985743380855397,,,,,,
tfidf,iter29,1,,0.8126582278481013,0.5911602209944752,0.6844349680170576,,,,,,
tfidf,iter29,Accuracy,,0.6916666666666667,,,,,,,,
tfidf,iter29,ROC_AUC,,0.7827886861781294,,,,,,,,
tabular,iter29,,,,,,RandomForest,0.7535,0.8375,0.7685,0.7322,0.7499
tabular,iter29,,,,,,XGBoost,0.7661,0.841,0.7762,0.7538,0.7648
lstm,iter29,Accuracy,0.7583974099554837,,,,,,,,,
lstm,iter29,AUC,0.842060815237616,,,,,,,,,
lstm,iter29,Precision_1,0.7981651376146789,,,,,,,,,
lstm,iter29,Recall_1,0.6976744186046512,,,,,,,,,
lstm,iter29,F1_1,0.7445442875481386,,,,,,,,,
gru,iter29,Accuracy,0.7535410764872521,,,,,,,,,
gru,iter29,AUC,0.8399105565776164,,,,,,,,,
gru,iter29,Precision_1,0.7853309481216458,,,,,,,,,
gru,iter29,Recall_1,0.7040898155573376,,,,,,,,,
gru,iter29,F1_1,0.7424947145877379,,,,,,,,,
clinicalbert_transformer,iter29,Accuracy,0.7598958333333333,,,,,,,,,
clinicalbert_transformer,iter29,MacroAUC,0.8397657564556089,,,,,,,,,
clinicalbert_transformer,iter29,Precision_1,0.8245067497403946,,,,,,,,,
clinicalbert_transformer,iter29,Recall_1,0.7311233885819521,,,,,,,,,
clinicalbert_transformer,iter29,F1_1,0.7750122010736945,,,,,,,,,
tabular,iter30,RandomForest,0.7398,0.8168,0.7568,0.7137,0.7346,,,,,
tabular,iter30,XGBoost,0.722,0.8076,0.7393,0.6937,0.7158,,,,,
clinicalbert_transformer,iter30,,,,,,,Accuracy,0.7264391237901172,,,
clinicalbert_transformer,iter30,,,,,,,MacroAUC,0.8220148398104106,,,
clinicalbert_transformer,iter30,,,,,,,Precision_1,0.8057080131723381,,,
clinicalbert_transformer,iter30,,,,,,,Recall_1,0.6709323583180987,,,
clinicalbert_transformer,iter30,,,,,,,F1_1,0.7321695760598503,,,
gru,iter30,,,,,,,Accuracy,0.7292594091460947,,,
gru,iter30,,,,,,,AUC,0.8119958488607953,,,
gru,iter30,,,,,,,Precision_1,0.7622504537205081,,,
gru,iter30,,,,,,,Recall_1,0.673616680032077,,,
gru,iter30,,,,,,,F1_1,0.7151979565772669,,,
tfidf,iter30,,,,,,,0,,0.6034063260340633,0.856156501726122,0.7078972407231209
tfidf,iter30,,,,,,,1,,0.8287671232876712,0.553016453382084,0.6633771929824561
tfidf,iter30,,,,,,,Accuracy,,0.6872134488028527,,
tfidf,iter30,,,,,,,ROC_AUC,,0.7682436682563958,,
transformer,iter30,,,,,,,Accuracy,0.7373532982598139,,,
transformer,iter30,,,,,,,AUC,0.8177822853279243,,,
transformer,iter30,,,,,,,Precision_1,0.7258308157099698,,,
transformer,iter30,,,,,,,Recall_1,0.7706495589414595,,,
transformer,iter30,,,,,,,F1_1,0.7475690392843252,,,
lstm,iter30,,,,,,,Accuracy,0.7341157426143262,,,
lstm,iter30,,,,,,,AUC,0.81828807438506,,,
lstm,iter30,,,,,,,Precision_1,0.783109404990403,,,
lstm,iter30,,,,,,,Recall_1,0.6543704891740176,,,
lstm,iter30,,,,,,,F1_1,0.7129750982961992,,,
