iteration,start_time,end_time,duration_sec,gpu_id
iter1,2025-10-03 19:16:57,2025-10-03 19:23:13,376,0
iter2,2025-10-03 20:06:16,2025-10-03 20:12:23,367,0
iter3,2025-10-03 20:12:25,2025-10-03 20:18:31,366,0
iter4,2025-10-03 20:18:33,2025-10-03 20:25:06,393,0
iter5,2025-10-03 20:25:08,2025-10-03 20:31:17,369,0
iter1,2025-10-03 21:37:56,2025-10-03 21:45:08,432,0
iter2,2025-10-03 21:45:10,2025-10-03 21:51:11,361,0
iter3,2025-10-03 21:51:13,2025-10-03 21:57:44,391,0
iter4,2025-10-03 21:57:46,2025-10-03 22:04:43,417,0
iter5,2025-10-03 22:04:45,2025-10-03 22:10:58,373,0
iter6,2025-10-03 22:11:00,2025-10-03 22:17:44,404,0
iter7,2025-10-03 22:17:46,2025-10-03 22:24:03,377,0
iter8,2025-10-03 22:24:05,2025-10-03 22:30:25,380,0
iter9,2025-10-03 22:30:28,2025-10-03 22:36:55,387,0
iter10,2025-10-03 22:36:57,2025-10-03 22:43:15,378,0
iter11,2025-10-03 22:43:17,2025-10-03 22:49:38,381,0
iter12,2025-10-03 22:49:40,2025-10-03 22:56:09,389,0
iter13,2025-10-03 22:56:11,2025-10-03 23:02:22,371,0
iter14,2025-10-03 23:02:24,2025-10-03 23:08:46,382,0
iter15,2025-10-03 23:08:48,2025-10-03 23:15:15,387,0
iter16,2025-10-03 23:15:17,2025-10-03 23:21:41,384,0
iter17,2025-10-03 23:21:43,2025-10-03 23:27:55,372,0
iter18,2025-10-03 23:27:57,2025-10-03 23:34:19,382,0
iter19,2025-10-03 23:34:21,2025-10-03 23:40:38,377,0
iter20,2025-10-03 23:40:41,2025-10-03 23:47:07,386,0
iter21,2025-10-03 23:47:09,2025-10-03 23:53:57,408,0
iter22,2025-10-03 23:53:59,2025-10-04 00:00:32,393,0
iter23,2025-10-04 00:00:34,2025-10-04 00:06:58,384,0
iter24,2025-10-04 00:07:00,2025-10-04 00:13:38,398,0
iter25,2025-10-04 00:13:40,2025-10-04 00:19:55,375,0
iter26,2025-10-04 00:19:57,2025-10-04 00:26:16,379,0
iter27,2025-10-04 00:26:18,2025-10-04 00:33:00,402,0
iter28,2025-10-04 00:33:02,2025-10-04 00:39:12,370,0
iter29,2025-10-04 00:39:14,2025-10-04 00:45:59,405,0
iter30,2025-10-04 00:46:01,2025-10-04 00:52:23,382,0
